request,label,min_score,max_score,mean_score
"A few years ago I was making love to my wife when for no known reason I lost my erection,    Now I'm In my early 30s and my problem has become more and more frequent. This is causing major problems for my ego and it's diminishing my self esteem. This has resulted in ongoing depression and tearing apart my marriage.    I am devastated and cannot find a cause for these issues. I am very attracted to my wife and want to express it in the bedroom like I used to.    What could be causing this, and what can I do about it?","Sexual Dysfunction, Depression",20,85,70.5
"After 40 years of being straight, how could I now find myself interested in people of the same sex? I have had a few same sex encounters of my own doing.","Sexuality, Identity Crisis",30,90,74.55555555555556
"After I told them, they yelled at me.","Family Conflict, Anxiety",30,85,70.875
"After first meeting the client, what is the process that a counselor facilitates?","Counseling, Anxiety",45,85,75.09523809523809
"After he got home from the hospital he was angry, then for a time wonderful. Now he is depressed and hopeless again.",Depression,10,90,61.51851851851851
"Cheating is something unacceptable for me but because we have two daughters I decided not to break up the family. However, now I am struggling to forget and forgive what happened. I feel like I cannot trust him. Without trust, I cannot stay in this relationship. On the other hand, I do not want my children to get hurt. I'm not sure how to move forward?","Trust Issues, Relationship Struggles",70,93,82.5
Does counseling really do anything that can help people?,"Mental Health, Skepticism",10,95,81.16666666666667
"Every time I send a message to someone or a group message on Instagram, iMessage, or snapchat people will read my messages but then they won't answer me.    Could it be that there is something they don't like about me? I don't understand why they won't answer my messages. How do I get people to respond to me?","Social Anxiety, Rejection Sensitivity",70,85,79.66666666666667
"Every time my partner gets angry for anything, she takes it out on me. Nothing I do is right, and once she's mad, she calls me all kinds of names and is verbally abusive. She says it isn’t abuse, it’s just angry verbal bashing, and that it’s different. It gets worse each time. The names are very vulgar now.","Abuse, Anger",60,86,71.66666666666667
Every winter I find myself getting sad because of the weather. How can I fight this?,"Seasonal Affective Disorder, Depression",70,90,83.13333333333333
"For the past four weeks, I've been having nightmares and hearing voices telling me of horrible things. They're not random voices, but rather, the voices of those I care about.","Psychosis, Anxiety",30,85,71.27777777777777
"He isn't violent, but he has anger issues and deep insecurities. He's working on them and has improved. We started counseling, and he participated in one or two individual sessions, but we broke up again shortly thereafter. Now his constant questions and accusations are getting really draining.","Relationship Issues, Insecurity",62,75,69.77777777777777
"He said he would try and he never did. It's been nine months, and this is making me worse. Today, he said I have to respect whatever decision he makes. Is that true? Am I supposed to respect the decision to leave because he can't handle what I'm going through and leaves me here crying and worried every night? He's constantly changing his mind on if he wants to work it out.","Relationship Issues, Anxiety",55,85,74.11111111111111
How can I get to a place where I can be content from day to day?,Self-Esteem,10,70,38.88888888888889
How do I decide if I should end my relationship with my boyfriend?,"Relationships, Indecision",40,86,78.56666666666666
"How do therapists classify the type of personality their clients have? What characteristics do they look at to decide what type of personality the client has? I've read about this online, but I'd like to understand this from a therapist's point of view.",Personality Disorders,10,85,63.166666666666664
"How do you know you have the right therapist for you?
 How would I know how to ""train"" my therapist to be able to give me what I need from treatment?","Therapy, Anxiety",70,90,81.76666666666667
How does a counselor decide when to end counseling sessions or to terminate working with a client?,"Therapy, Decision-making",10,95,79.46666666666665
How does a person start the counseling process?,Counseling,20,95,73.96666666666667
"I am a female, and I am afraid of having sex. I am afraid of disappointing my partner by being inexperienced. I think he thinks I'm not a virgin. I am also scared that he will be disappointed with my naked body. I don't want my partner to think differently of me because I am afraid of having sex.","Sexual Anxiety, Body Image",70,90,78.66666666666667
"I am a heterosexual male in my late 20s. I find myself wearing pantyhose, heels, skirts and other women's clothing in private. I am torn on how to feel about it. I enjoy it very much. I have had a pantyhose/stocking fascination and other kinky fetish interests since I was young. I have no history of sexual abuse growing up. I am currently single.","Cross-Dressing, Fetishism",70,85,77.44444444444444
"I am a really shy person. I'm currently in a graduate program which requires lots of presentations, but they always make me feel stressed out and less confident. How can I get more confident?","Anxiety, Self-Esteem",10,87,70.66666666666667
I am a survivor of multiple sexual abuse/rape experiences. Triggers are having an effect on my daily life and my sexual relationship with my partner. I'm trying to learn to cope with them.,"Trauma, PTSD",23,90,77.41666666666667
"I am an international student, and it is my first semester in graduate school in the United States. I faced a cultural shock, and I was so depressed when I arrived here. My counselor in the university was my savior. He helped me a great deal. Now I am going back to my country for a vacation. I was thinking to get him something special with my country's name on it, and I remembered that he likes wine. My country is known for that. Is it appropriate to give him wine as a gift after Christmas?","Depression, Cultural Shock",70,85,73.33333333333333
I am becoming a Water Safety Instructor but I didn't have enough for a proper swimsuit. I was told by a boy in class that my top was displaying everything. I was very embarrassed.,"Body Image, Low Self-Esteem",30,90,66.61111111111111
"I am divorced and happily remarried. Our blended family of children are in their 20s. My youngest, age 20, continues to call me crazy and favors her dad. He was abusive to me, and I left with injuries. He never wanted kids, and I did. He paid child support only through forced wage earners. Now my daughters favor him after all the sacrifices I made for them the past 15 years as a single mom. I don’t deny them a relationship with their dad, but to be called crazy and then watch them hang out with him hurts me to the very core. I’m not sure how to handle this.","Family Issues, Low Self-Esteem",70,86,78.33333333333333
"I am in a high stress position for a tech company. I am being overworked and underpaid for my contributions and it is not only giving me anxiety, but also demoralizing.
   What can I do to manage my stress?","Stress, Anxiety",70,89,78.16666666666667
"I am in my early 20s and I still live with my parents because I can't afford to live alone.
   My mother says that if I live under her roof I have to follow her rules. She is trying to control my life. What should I do?","Family, Control",30,90,74.33333333333333
"I am married, but I had sex with my friend. I feel guilty, but I feel not guilty too. Do I need to feel guilty? It's my body, and I have full rights to do what I like.","Infidelity, Guilt",30,85,63.333333333333336
"I am not sure if I am depressed. I don't know how to bring it up to my parents, and that makes me miserable.",Depression,72,87,82.77777777777779
I am pretty sure I have depression and anxiety. I also have voices in my head. I have problems sleeping too. I've already been diagnosed with attention-deficit disorder and obsessive-compulsive disorder. I have self-harmed in the last and used to be suicidal. How do I tell them this and ask for therapy?,"Anxiety, Depression, Schizophrenia",53,85,69.44444444444444
"I am so terrified of having sex anymore because I have been told over and over that sex is dangerous even though me and my partner used both forms of protection. My partner is not happy about this and simply wants more sex, and honestly, I want to give that to her.","Relationship Issues, Sexual Dysfunction",68,85,72.66666666666667
I believe it is wrong for men to look at inappropriate content. The father of my child has agreed to respect my beliefs. His co-worker sent him an inappropriate video. He got mad because he does not think he should tell his friend to not send him things like that.,"Relationships, Moral Dilemma",10,85,57.333333333333336
"I believe my partner has a masturbation and porn problem. He masturbates daily, even when I am lying in bed sleeping beside him. We have sex once a week. He is rough and worries about his needs. He never touches me, and treats me like a porn star, wanting to finish on my face or chest.","Sexual Behavior, Addiction",30,80,60.55555555555555
"I can't seem to feel any emotion except anxiety, not even for myself.",Anxiety,70,85,73.77777777777779
"I crossdress and like to be feminine but I am attracted to women, but yet that seems to bother girls I date or ask out.    How can I approach them about it? should I hold back and keep it a secret, or should I just be up-front about it. I wonder if i should stop or if I should continue to do it since it makes me happy. What should I do?","Sexuality, Gender Identity",60,90,78.8
I don't know what to say. I have never really known who I am.,"Identity Crisis, Existential Crisis",70,90,75.8888888888889
"I don't remember when the voices in my head started, but I remember Hearing them when I was little.    I know it's not normal to hear voices that aren't your own. I fight the voices and I want them to stop. They've been here so long and I want them gone. How can I make the voices stop?","Schizophrenia, Auditory Hallucinations",35,85,69.66666666666667
"I don’t love my sister. I would never wish her harm, but if I could, I would wish for us not to be related. Is this cruel? Why must blood mean we have to be friends? Am I being unreasonable and is there a way to fix this? I do care about her, like I do every human being, but I’d rather be with my friends than be with her at all. It’s not just a ""teenager phase."" I still love my mom and dad, and I’m very close to them. However, it’s my sister I don’t love or have ever really liked at all.","Family Relationships, Resentment",70,95,79.55555555555556
"I empathize so much, even with characters on tv or in video games, that I actually feel physical pain. This has made life difficult to say the least.
   I believe I have an actually case of something called hyper empathy disorder. But since it's such a new disorder I can't find any information about it. Could this be what is going on with me?","Empathy, Hyperempathy Disorder",70,85,76.33333333333333
"I feel as though I'm suffering severe abandonment issues stemming from childhood. I convince myself I'm not worthy of happiness, and I’m always afraid I'm doing something wrong. It's as if I create little scenarios in my mind, and I start to believe them.","Self-Esteem, Anxiety",75,90,85.77777777777779
"I feel like I am internally screaming all the time. Externally, I am calm, but I have this intense, unidentifiable emotion constantly. I don't feel sad. I don't cry a lot. I feel rather emotionally distant other than the internal screaming. It kind of feels like I'm a caged animal.","Anxiety, Emotional Distress",60,90,77.22222222222223
I feel like I hate myself physically and emotionally sometimes. How can I start accepting myself and be more confident?,"Self-Esteem, Depression",70,86,76.27777777777779
I feel like I would be more comfortable as a girl even though I still like girls. I think I'm like a girl stuck in a guy body. I imagine myself as a girl too. I think this more because my friends say that if I was a girl I would be a hot looking one. And I don't care about having boobs or anything. I just feel like the way that I do act will make more sense if I was a girl.,"Gender Dysphoria, Identity Crisis",70,85,72.66666666666667
I feel like I'm trying to convince myself that I'm okay when I'm not. I'm always blocking out the bad things and forgetting. I also feel like nobody cares for me and they never will. I feel truly alone.,"Loneliness, Depression",70,90,76.22222222222223
"I feel so alone. I have so many people around me, but it seems as they just listen and dont understand. They say it will all be okay, or they don't listen to me st all. Everyone says they are here for me but it doesn't feel like they are. Why do I feel so alone?","Loneliness, Depression",70,87,79.16666666666667
I feel too scared to meet people I don't know - even relatives. I don't ever raise my hand or talk in school. I feel like no one understands. How can I handle this?,"Social Anxiety, Shyness",60,85,73.55555555555556
"I found out my boyfriend takes anti-depression medicine. Lately he's been saying he has a lot on his mind, and he needs time to think about us. We've only been dating 3 weeks but I like him a lot.","Relationship Issues, Depression",65,85,73.88888888888889
I get angry and act out. It scares my wife and child.,"Anger, Family Stress",70,85,76.55555555555556
"I get so much anxiety, and I don’t know why. I feel like I can’t do anything by myself because I’m scared of the outcomes.","Anxiety, Fear",20,85,63.333333333333336
"I have PTSD. The side effects are really bad and have impacts on sex, anger and my relationships. I even lost my job month ago.    How can I get my life back?","PTSD, Job Loss",78,90,84.93333333333334
"I have a fear of something and I want to face that fear to overcome it, but I don't know how. What can I do?","Anxiety, Phobia",70,85,72.5
"I have a friend that who I used to be in a relationship with. It was brief and turned into us being just good friends.
   I spent the weekend with him and it upset my boyfriend. Was i wrong?","Relationships, Jealousy",60,85,72.06666666666666
"I have a lot of issues going on right now. First of all, I have a lot of trouble sleeping at times, while other nights I sleep too much and still feel quite tired. I’m also noticing increased irritability and experiencing anxiety attacks that last for hours. Is there something wrong with me and if so what should I do?","Anxiety, Insomnia",70,90,80.66666666666667
"I have a lot on my mind, but all I want to do is stay locked in my room and not socialize with anyone. Why do I feel so alone?","Isolation, Depression",30,85,67.88888888888889
"I have a problem with binge eating, especially during times of stress. I binge eat and feel so overwhelmed with shame and disappointment that I end up going to the gym and trying to exercise the calories off. I am in my late 20s, and I have been dealing with this since I was a teenager. Are there any coping mechanisms I can use to break this cycle?","Eating Disorder, Stress",70,90,81.66666666666667
"I have anxieties about everyday stressors, i.e. finances, work, relationships, kids, and maintaining a household.","Anxiety, Stress",10,90,62.944444444444436
"I have been dealing with depression and anxiety for a number of years. I have been on medication, but lately my depression has felt worse. Can counseling help?","Depression, Anxiety",30,85,64.73333333333333
"I have been diagnosed with general anxiety and depression by my family doctor. They wrote a prescription for me to have an emotional support dog, I have the paper work, and I gave it to my apartment manager. They said I can't keep the ESD because I'm not disabled. What do you suggest I do?","Anxiety, Depression",62,72,69.5
"I have been diagnosed with posttraumatic stress disorder due to my military experiences. Not a year ago, I had a car accident. Could this experience add more problems?","PTSD, Anxiety",80,90,85.2
"I have been married for 11 years. Within the past 2 years we have drifted far apart. We coexist together but there is very little personal interest in each other. I often feel that my husband has ""friends"" at work that he is more emotional invested in than me. I feel very alone and just uncared for. Is there anything I can do to feel reconnected?","Relationship Issues, Loneliness",68,90,80.07407407407408
"I have been with my boyfriend for more than a year. He recently got a new job and travels a lot. I’m not used to him being gone all the time. I feel as though he has forgotten about me because he does not talk with me as much and doesn’t keep me up to date on everything that he does throughout the day, which he used to.
 I feel lost, sad and unwanted. This is really a tough new challenge. I just want to break up with him, but I love him so much. I don’t know why he is acting this way lately. I believe I have separation anxiety. Is there anything that I can do to help me cope with this while he is out of town?","Relationship Issues, Separation Anxiety",70,90,80.08333333333333
"I have bipolar II disorder, I'm addicted to alcohol and weed, and I'm hopeless. I keep drinking even though it's harming myself and others.","Addiction, Bipolar Disorder",25,85,69.55555555555556
"I have cheated on my husband of five years roughly ten times. I pretend we aren't married at my work. Recently, he has caught on, but I lie to cover it. He use to talk to girls online, but I have caught myself constantly having a affair.","Infidelity, Compulsive Behavior",70,80,71.55555555555556
"I have family issues, and my dad was both violent and a cheater.","Family Issues, Trauma",70,85,75.41666666666667
"I have known her for years. She was dating my brother-in-law when we met. My kids think of her as their aunt. On Halloween 2014, I lost my mom to cancer. My mom and dad were still married when she passed away. My friend was there for me through that and my own cancer diagnosis. She has been a very big part of both me and my kids’ life, but now last month, my dad told me that he really likes my friend and wants to marry her. She’s like a sister to me. My kids hate the idea.","Grief, Relationship Issues",70,90,79.77777777777777
"I have lately been having lots of anxiety and self-loathing about the fact that I am a young adult virgin girl who has never had a boyfriend before. It seems like everyone my age has already had boyfriends by now or are not virgins anymore, and I just had my first kiss five months ago. I’m worried that, at this rate, I won’t have a boyfriend for a very long time. The problem is that I want to lose my virginity to my first boyfriend who cares about me, but at the same time, I don't want to be waiting forever in order to experience sex. I have already given in to bad temptations by hooking up with random strangers on social media sites and having oral sex with them. Luckily, they were nice guys, but none of them wanted a relationship with me. I feel dirty by doing this, but I feel pressured to do this things in order to seem normal.
   Most people are surprised when they find out that I am a virgin or never had a boyfriend because people think I am really good looking. I am tall, I play lots of sports, and I get excellent grades in school. I am in my first year of university right now, and no guys have approached me to go out on a date or showed any interest. It bothers me. Most of the people in my family have been in relationships at my age already. I feel like I will be single forever sometimes.","Self-Esteem, Sexual Behavior",70,90,81.5
"I have so many issues to address. I have a history of sexual abuse, I’m a breast cancer survivor and I am a lifetime insomniac.    I have a long history of depression and I’m beginning to have anxiety. I have low self esteem but I’ve been happily married for almost 35 years.
   I’ve never had counseling about any of this. Do I have too many issues to address in counseling?","Trauma, Depression",20,90,78.43333333333334
"I have suffered many things at home and school. We never went to the doctor to diagnose depression or anything like that, but I always feel like a part of my heart is missing. I try to fill it in with objects or, in this case, a woman.","Depression, Attachment Issues",60,75,69.44444444444444
I have three children. The oldest is nine and not my biological child. The middle child is three and the youngest is one. I have a great relationship with the oldest two children but I haven't developed the same level of attatchment to the youngest child. I rarely want her around and look forward to her nap times. Is this normal?,"Parenting, Attachment Disorder",67,72,70.33333333333333
"I just don't know what I want in life anymore. I'm can't figure out what it is that is keeping me distracted and unfocused. I can't put things into perspective at all. I'm just stuck, and I'm disappointed with my lack of accomplishments.",Depression,20,85,67.66666666666667
"I just lost my grandpa and i'm having a rough time with it.    I need some help to deal with the loss, but I don’t think I can pay for counseling. Where Can I get help?","Grief, Financial Stress",20,92,78.18518518518518
"I just took a job that requires me to travel far away from home. My family and I really need this job.
   People keep telling me I have ""anxiety"" and I'm terrified of having an anxiety attack on the road. This is all new to me. What can I do?","Anxiety, Adjustment Disorder",70,90,78.26666666666667
"I keep having these random thoughts that I don't want. Things like ""you aren't worth anything."" I know they're my own thoughts but it feels like someone else is saying it.
   What is wrong with me, and how can I stop having these thoughts?","Self-Esteem, Depression",70,90,79.16666666666667
I know I need to deal with my depression. But I don't know how and I don't want to tell anyone.    How can I deal with depression without telling anyone?,"Depression, Secrecy",70,90,80.33333333333333
"I know that I need to get past my feelings for this person I fell in love with, but t's so difficult to move on because he showed me feelings I've never felt before.    I feel like I don't want to be without my genuine love for him, but logically, I know I need to be without him. I can't discuss this with anybody in my life because the conditions surrounding our love are considered ""wrong"" by a lot of people.
   How can I get myself to just move on?","Love, Relationship",70,85,77.3888888888889
"I love him, but he doesn’t show me love. He talks badly about me to his friends.","Relationship Issues, Low Self-Esteem",65,71,69.55555555555556
I love my girlfriend so much. I get an erection even just thinking about her or seeing her. But the two times we tried to have sex I couldn't get an erection. We've only had sex once and it was a long time ago.    Why this is happening and what can I do about it?,"Relationship Issues, Erectile Dysfunction",70,86,76.08333333333333
"I nanny a three year old. When he wakes up in the morning he calls out for someone to come get him. If I am the one to go get him out of bed he gets really upset and refuses to let me near him. He screams that he wants his mom or dad (they work from home).    The rest of the day he loves me. But not in the mornings.
   What can I do?","Attachment Issues, Separation Anxiety",70,90,78.0
I need help dealing with stress. How can I handle it all and feel less stressed out?,"Stress, Anxiety",40,90,71.88888888888889
I need help knowing how to deal with stress. What can I do?,"Stress, Anxiety",70,90,79.66666666666667
I need to get on base to see my doctor. My ID card was in my wallet which was stolen. I’m unable to reach my husband at this time. He is only one who can take me on base in order to get a new ID so I can continue to see doctor. Is there anything I can do?,"Anxiety, Stress",70,85,72.55555555555556
I need to speak to someone about sexual addiction and binge eating immediately.,"Sexual Addiction, Binge Eating",60,80,70.55555555555556
"I never feel like myself. I can’t even think straight anymore. I start stuttering and I can’t remember anything. I always get nervous and usually talk myself down but recently end up fighting with, what feels like, someone else. I don’t know why I feel this way, but I hate it.","Anxiety, Dissociative Identity Disorder",70,85,73.8888888888889
"I recently broke up with my boyfriend After being together for over 4 years. I truly believe I did the right thing, but omehow being single now has made me very needy and unsure of myself.
    I am seeing someone casually and I am losing my mind with anxiety about how he feels about me and this need for validation.
   How can I learn to be content and at peace with myself regardless of my career, relationship status, etc?","Relationship Issues, Anxiety",70,90,79.58333333333333
I recently lost a friend to suicide. I'm smoking marijuana and drinking more to cope with it. How can I handle this better?,"Grief, Substance Abuse",70,90,81.71428571428571
I snap easy and push people away. I need help before I push my boyfriend away.,"Relationship Issues, Anger",40,85,70.55555555555556
"I start counseling/therapy in a few days (I'm freaking out) but my main fear is that I'll cry and embarrass myself, is it something to worry about?","Anxiety, Fear",70,95,87.46666666666665
"I started having anxiety three months ago. I'm new to having anxiety, and it's making me depressed.","Anxiety, Depression",60,90,74.44444444444444
"I struggle with depression as well as pretty intense mood swings throughout the month. I experience highs where I feel amazing and energetic and then lows where I lack focus, energy, and generally have a more dark outlook on my life. How can I live a more balanced life?","Depression, Bipolar Disorder",25,75,60.666666666666664
"I suffer from adult ADHD, anxiety disorder, and depression. It has been difficult to find a doctor in my area and my primary physician won't help. I am unemployed and overwhelmed. What would you suggest I do?","Anxiety, Depression",70,90,75.55555555555556
"I think I'm annoying and bothersome, but my girlfriend says I'm just fine. I don't think so, I think I'm stressing everyone else out","Self-Esteem, Anxiety",70,86,74.0
"I told her that if daddy dies, we will never see him again. She started crying because I wouldn't make her daddy die.","Grief, Manipulation",15,70,42.77777777777778
"I tried telling my husband I was depressed, and he ignored me. He said ""you're always sad or depressed."" And he picked up his phone and ignored me. I said, ""Please don't exaggerate, that isn't true."" And he said, ""Whatever babe. You just want to be sad.""
   How can I get through to him so he will take me seriously?","Relationship Issues, Depression",70,85,77.16666666666667
"I want a secure relationship with someone that wants to be with me and who will actually put effort into it.
 I seem to gravitate toward unavailable men and those that want intimacy and no relationship. I let men dictate and control me because they accuse me of being controlling. I let men emotionally abuse me and I am at their beck and call.
 I am not comfortable being alone or doing anything by myself. I feel I need the security of someone being around just to survive. I know what I'm doing wrong and I do it anyway just hoping things will change. How do I stop this behavior and thought process?","Relationship Issues, Codependency",70,85,75.83333333333333
"I was born a girl, but I want to be a boy. Because of my religion I can't tell my family. I know they won't accept me. What do I do?","Gender Identity, Anxiety",10,90,64.0
I was born a girl. I look like a boy. I sometimes feel like a different variation of gender. I don't know what to say if someone asks my gender. I just get really confused and usually say my birth gender.,"Gender Identity, Confusion",50,90,78.91666666666667
"I was raped a couple months ago, Since then, along with other unfortunately events that have occurred, I have been having trouble feeling emotions. It's almost as if I'm a sociopath lacking any feeling. What can I do to change this?","Trauma, Emotional Numbness",70,90,84.0
"I was raped by multiple men, and now I can't stand the sight of myself. I wear lingerie to get my self excited enough to have sex with my wife.","Trauma, Body Image",70,85,76.55555555555556
"I was raped repeatedly when I was younger. I told my parents and action was taken, but now that I’m an adult, I suffer from extreme anxiety.","Anxiety, Trauma",70,90,80.8888888888889
"I was the one who ended it, and I'm so glad I did. It was the best decision I made in my life. But how do I stop the nightmares and flashbacks? It is creating a wall in my current relationship.","Relationship Issues, PTSD",70,90,80.5
I would like to be able to have more positive relationships in the present.,"Relationships, Self-Esteem",30,74,68.33333333333333
I'm 15 and my girlfriend is 14. Am I a pedophile because I'm attracted to her and she's under 18?,"Relationships, Anxiety",60,95,79.33333333333333
I'm 17 and I'm sick and tired of going back and forth. I'd like to stay at my mother's house. This problem has really affected me. I've had anxiety attacks and suicidal thoughts and self-harm in the past.    Currently I'm going through anxiety and my thearapist is not available. How do I handle this?,"Anxiety, Self-Harm",20,80,68.86666666666666
I'm a 40 year old male and having erection problems. Still have the desire for a woman. Awfully frustrated. Any suggestions? My Doc doesn't want to discuss it.,"Sexual Health, Frustration",70,85,73.66666666666667
"I'm a female in my mid 20s. Lately I tend to over drink and I've become a very angry drunk.    In the past, I have even cheated on my boyfriend while I was under the influence of alcohol.    But now, even if I don't do anything wrong and don't embarrass myself, I still feel really guilty after a night of drinking. I don't understand why I'm feeling this way. Does this mean I have a problem?","Addiction, Guilt",15,85,69.72222222222223
"I'm a guy. If I don't like girls, nor do I like guys, does that mean I'm gay?","Sexuality, Identity",70,88,82.22222222222223
"I'm a male in my 20s. My girlfriend is in her late 30s. She's great. She's funny and smart, she has a big heart, and we have an excellent sex life. She recently moved in with me partially because she wanted to and partially because she had no place to go. We fight a lot. It’s mostly my fault, I must admit. She doesn't like my insecurity and lack of trust I have for her. I have trust issues. Also, I can't fathom why a woman like her is with me, so I'm always dreading when a better dude will come along. I don't think she's happy. She's very submissive and she loves me very much, but also the fact that she has nowhere to go must be influencing her decision to stay. I love her so much, but my jealousy is not likely to diminish. I never believed in the whole ""If you love them, let them go,"" but I do now. I really want her to be happy. Should I end it with her? She has no place to go so I feel like I can’t break up with her. I’m literally trapped.","Relationship Issues, Insecurity",70,85,78.55555555555556
"I'm a teenager and I get these really intense mood swings.    My mood will be really high and I'll think of something that I want to do. When I start to make it happen I get irritated by other people if they intervene. Then if the thing I wanted to do doesn't work out, I have these tendencies to blame other people for it not working out.    Can you explain what's going on?","Mood Swings, Irritability",20,90,67.22222222222223
I'm a teenager and I've been sneaking out of my house at night for a year now. I've been caught several times. I want to stop doing this but I don't know where to start. How do I stop?,"Reckless Behavior, Parental Conflict",70,90,79.61111111111111
"I'm always listening to my husband, but it feels like he never listens to me.    How do I get my husband to listen to me instead of me listening to him all the time?","Relationship Issues, Communication Issues",50,90,74.61904761904762
"I'm always told I'm not good enough or trying hard enough. I put 100% in to every thing. I'm worn out, I've worked on all of my family relationships, I'm doing great in school, I'm kind to those in need and otherwise. I stick to my religious beliefs and leave room for mistakes and learn from others so I don't have to make as many and the ones I do I learn from.  Somehow it's still not good enough and nothing I do works. Nothing has changed, and I feel hopeless. Any suggestions or ideas?","Self-Esteem, Hopelessness",70,90,76.0
"I'm being verbally abused on a daily basis by my parents in front of my child. I feel like I’m trapped and I have no escape. I feel like I have to listen to the horrible things they say and just take all of it.
   I need some way of learning how to cope with listening to it especially since I have nowhere else to go. I feel very emotionally drained How can I deal with this?","Family Conflict, Emotional Abuse
",70,85,77.62962962962963
"I'm dealing with imposter syndrome in graduate school. I know that by all accounts I am a phenomenal graduate student, and that I am well-published. I am well liked by students and faculty alike. And yet I cannot shake the feeling that I'm going to be found out as a fraud.    How can I get over this feeling?","Imposter Syndrome, Anxiety",10,95,66.53333333333333
"I'm feeling rejected and frustrated. This is not new. The first month we were together, sex was about every day. Then it slowed down to once a month right away. I love my husband, but I am struggling with this.","Relationship Issues, Low Libido",65,90,76.58333333333333
"I'm going through some things with my feelings and myself. I barely sleep and I do nothing but think about how I'm worthless and how I shouldn't be here.
   I've never tried or contemplated suicide. I've always wanted to fix my issues, but I never get around to it.
   How can I change my feeling of being worthless to everyone?","Depression, Low Self-Esteem",20,90,74.60000000000001
I'm having relationship problems and I want to fix them to make things right before I lose her. How can I learn how to listen and get myself together?,"Relationship Problems, Low Self-Esteem",70,85,79.5925925925926
"I'm in a long-distance relationship with my ideal man, but I'm not as attracted to him as I should be. Everything else is perfect about him, but I find myself lusting over more attractive men. The next step is marriage, but I want to marry someone who I can wake up to and fall in love with all over again. However, I also don't want to throw away a great relationship over what might just be lust. Am I asking for too much in the ""perfect guy""? Is there such a thing? Am I truly in love?","Relationship Issues, Insecurity",70,75,72.44444444444444
"I'm in a relationship with my fiancé and I currently found out that she's been cheating on me with a co-worker. I was very upset none the less. I understand what she did was wrong, but I want to spend the rest of my life with her. So I'm willing to forgive and move on. We have been together for a little over 9 years, and we have a son. At the beginning of our relationship, I was unfaithful and she caught me cheating. She forgave me for what I've done to her and since then I been completely faithful. I'm worried about our relationship and want to move forward but its been very unsettling. All I can think about is her with another man. I don't know what to do or where to go for advice?","Relationship Issues, Betrayal",72,87,79.41666666666667
"I'm in my late teens and live with my dad. The only time I go out is for my college classes. Sometimes when I see my friends I want to talk with them, but sometimes I won't want to talk to them for days or even weeks.    Sometimes I feel i'm not worth knowing or i'm never going to do anything right.
   Are they right, am I depressed?","Social Withdrawal, Depression",60,90,77.29166666666667
"I'm in my mid 20s with a husband and children. I love my family, but I feel like I've lost my identity, and I don't know who I am other than a mom and wife. At times, all I can think is what I gave up and how I feel unhappy and trapped, but I know I'd feel like worse without them. I loathe myself at times. I have an amazing life, so why can't I just enjoy it?","Identity Crisis, Low Self-Esteem",65,85,79.5
I'm obsessing about a terrible breakup. Everything is a constant reminder. How do I move on?,"Relationship Issues, Obsessive-Compulsive Disorder",62,90,82.25925925925925
"I'm planning to have baby, so I have to quit smoking - but it's hard. Sometimes it's not a physical need, it's mental.
   I cannot help myself from thinking about smoking. What can I do to get rid of this addiction?","Addiction, Smoking",70,85,79.14814814814815
"I'm transgender, I know I am, but I've only told a few friends. I know I can't tell my family because of previous conversations we've had. They just wouldn't accept it.
 My gender dysphoria is getting really difficult to deal with on my own. I need some strategies for dealing with it. What should I do?","Gender Dysphoria, Family Rejection",50,90,80.83333333333333
I'm very depressed. How do I find someone to talk to?,"Depression, Seeking Help",75,90,84.04761904761905
I'm worried I should see a therapist due to past events and current mental status. I'm just so unsure of how to ask my doctor about seeing someone.,"Anxiety, Depression",75,90,84.66666666666667
"I've always thought that there wasn't much good out there for me. Now that things are actually going well, it kind of scares me. I spent most of my life feeling unwanted and figured I would be alone. I recently met a great woman who seems to really like me, and I don't know how to process this. It's bothering both of us.","Relationships, Attachment Issues",60,90,76.5
"I've been bullied for years and the teachers have done nothing about it. I haven't been diagnosed with depression, but i have been extremely sad for years.
   How can I deal with being bullied at school when the teachers won't help?","Bullying, Depression",20,85,60.111111111111114
"I've been going through a rough time lately. I been into nothing but women. I’ve never thought about men until a week ago. I’m very upset and depressed about this. It's not normal to me. I looked at gay porn more than once to prove that I’m not gay. I get the same results each time, and I feel disgust. This is tough on me. I'm scared that I looked too many times. I keep thinking about it and shake all the time.","Sexuality, OCD",70,85,78.55555555555556
I've been like this ever since I was in school; back then I transferred to another school. Now I'm thinking about changing my job.,"Work, Anxiety",30,85,69.8
"I've been with a man for four years. For the last year, he has said he is done, but he still talks, texts, visits, and has not moved on with anyone else. His words do not match his actions. I love this man, but it's hurting so much.","Relationship Issues, Attachment Issues",65,75,72.25
"I've been with him for a couple months. We will talk everyday and he will get mad over something I will say and not talk to me. We have our great moments, but I just need to focus on my personal situations, and I feel he is slowing me down with that. I still wanna be with him, but not now.","Relationship Issues, Codependency",30,85,62.77777777777778
"I've been with my partner for 4 years. She's given me no reason not to trust her. But lately I've been overreacting a lot when she's just doing normal things. I think it's triggering my bad past relationships.
   How can I get rid of these insecurities and be more trusting with her?","Trust Issues, Relationship Stress
",70,90,77.33333333333333
I've gone to a couple therapy sessions so far and still everytime I walk in I get nervous and shaky. Is this normal? Should I still be feeling like this?,Anxiety,70,90,83.2
"I've had posttraumatic stress disorder for years without my parents ever finding out. I want to overcome it, but it’s so vivid, it’s like it’s happening again. I'm scared and paranoid. I have depression, which I have been struggling with since a young age.","Trauma, Depression",30,85,71.66666666666667
"I've hit my head on walls and floors ever since I was young. I sometimes still do it but I don't exactly know why,    I have anxiety and I had a rough childhood but now I'll start to hit my head and sometimes not realize it but I don't know how to stop or even why I'm doing it.    How can I help myself to change my behavior?","Self-Harm, Anxiety",67,85,80.77777777777777
"I've never been able to talk with my parents. My parents are in their sixties while I am a teenager. I love both of them but not their personalities. I feel that they do not take me seriously whenever I talk about a serious event in my life. If my dad doesn’t believe me, then my mom goes along with my dad and acts like she doesn’t believe me either. I’m a pansexual, but I can’t trust my own parents.
 I've fought depression and won; however, stress and anxiety are killing me. I feel that my friends don't listen to me. I know they have their own problems, which I do my best to help with. But they don't always try to help me with mine, when I really need them. I feel as if my childhood has been taken from me. I feel as if I have no one whom I can trust.","Family Relationships, Anxiety",70,90,80.19047619047619
"I've worked with this guy for about three years now, and I knew the first time I saw him that I was attracted. Over time, he became a very dear friend, and we talked about our relationship problems, family, dreams, and so on. There was always flirtation with us, and one day pretty recently, it progressed to making out. We agreed to keep it quiet, and we did, but in the back of my mind, I hoped it would become something more. It didn't, and three months later, I'm still not over it.
   I'm trying so hard to maintain the friendship because that's what he wants. We're no longer in the same office, which I thought would help me get over these feelings, but we still talk about work, and he's constantly touching me, so I'm still very drawn to him. He's a hugger and such a sweet guy, so I find myself fantasizing all the time about what could have been and what could still be, but he's clearly not interested. He's younger than me and prefers model types, but I see him checking me out a lot, which gives me hope. How do I get him out of my system and still maintain the friendship?","Relationship Issues, Unrequited Love
",70,85,73.77777777777779
"Is it normal for people to cry during therapy, or is it just me?","Therapy, Anxiety",70,90,84.3
Is this something I should be worried about? Should I do something about it?,Anxiety,20,85,64.60000000000001
"It was over 20 years ago, but the pain has resurfaced again now because I have started seeing her Facebook posts about how great her life is. I feel so angry. How can I handle this?","Jealousy, Depression",10,90,70.0
"I’m a man, and I’m soon to be married. I have been messing around with other men on the side. It started as a once in a while thing, but it’s been happening a lot. I don't know what to do.","Infidelity, Relationship Issues",20,85,64.55555555555556
I’m facing severe depression and anxiety and I just feel like I’m going through a lot. This really distracts me and I cant get my mind off the things that are bothering me.    How do I overcome this anxierty and depression?,"Depression, Anxiety",15,95,72.1111111111111
"I’m trying to make marriage work after a split. Before our split, he lied a lot and broke every promise to me. I don't think he cheated. Last month, I asked what women work with him, so he told me. Yesterday, I found out about a girl that he said he forgot about. Should I be upset?","Trust Issues, Relationship Struggles",65,89,72.47619047619048
I’ve been in a long distance relationship with my girlfriend for just over a year. This past week she admitted to me that she has feelings for another guy. She says it’s “just a crush” but I don't know how to cope with it.    How should I deal with this?,"Relationship Issues, Anxiety",70,90,76.29629629629629
"I’ve been on 0.5 mg of Xanax twice a day for the past month. It hasn't been helping me at all, but when I take 1 mg during a big anxiety attack, it calms me down. I was wondering how I can ask my psychologist to up the dose to 1 mg twice a day without her thinking I'm abusing them. I just have very big anxiety attacks. Should I stay on the 0.5mg and deal with the attacks or should I ask to up the dose? I'm afraid she will take me off them and put me on something else.","Anxiety, Drug Use",60,78,70.58333333333333
"Maybe this is a stupid question, but I sometimes don't know what's real or not. If feel at times like everyone's lying. How do I know if God is one of those lies?","Paranoia, Existential Crisis",70,90,78.5
My boyfriend is in recovery from drug addiction. We recently got into a fight and he has become very distant. I don't know what to do to fix the relationship.,"Relationship Issues, Addiction",70,85,77.55555555555556
"My boyfriend shows affection, but I just push him away. Every time my boyfriend tries to kiss, hug, or touch me I almost always push him away. I'm on birth control and it has killed my sex drive.     I love him so much. Why do I do this?","Relationship Issues, Low Libido",60,85,72.77777777777777
"My brother has been diagnosed with paranoid schizophrenia and has not been taking his medication. He's been using methamphetamine and alcohol and was found sleeping naked in my step mom driveway in 12 degree weather.
   I was adopted in by his dad (who just passed) and his mother will not Get involved because she's afraid of financial responsibility.    Do I have the rights to be able to sign my brother into mentalhealth facility?","Schizophrenia, Substance Abuse",35,85,73.06666666666666
"My dad is always, and I mean always, cussing and screaming at me for no reason at all. He makes me feel stupid. He also compares me to my other siblings in a negative way and demeans me. Is this abuse?","Family Issues, Emotional Abuse",63,90,78.53333333333333
My daughter is in later elementary school. She can't color in the lines. Her words jumble together when she writes unless there are big spaces or she skips lines.,"Learning Disability, Dysgraphia",10,85,65.62962962962963
My daughter seemed to be developing at a normal rate until about the age of 10. She then started to act younger than she is.    Now she only wants to play with younger kids and she doesn't act her age. I don't know why this is happening. Is this normal?,"Developmental Delay, Anxiety",70,90,82.58333333333333
My doctor seems to think I am in danger of having one. I neglected to ask how this was different than an episode. I have been formally diagnosed with bipolar type 1.,Bipolar Disorder,30,75,58.11111111111111
"My ex-wife married and used me to have a child. She now uses that child as a pawn. I know my child misses me, but I need to move on and not live in the past. How do I do this? Do I see my child as much as possible or very little? Is it more confusing for the child?","Family, Grief",20,90,74.41666666666667
My fiancé and I broke up. He cheated on me numerous times. I kept forgiving but questioning his every move. He got tired and left.,"Relationship Issues, Trust Issues",25,75,57.77777777777777
"My fiancé and I come from a strong Christian background but both went off the ""straight and narrow"" once before. He is having a hard time accepting my past, especially that I'm not a virgin. He has a hard time in general accepting himself and others.    His insecurities are hurting our relationship. How can I help him let go of my past and decide to live in the present?","Relationship Issues, Insecurity",70,86,77.28571428571428
"My fiancé and I have almost the best relationship every girl wants, but lately it's changed. I get less attention and little to no intercourse. He works a lot and goes to the gym a lot (he's a football player for an indoor league), but he has no time for me. We live two hours from family, and when I leave home to see family, he'll text me saying ""whatever"" and ""leave me alone."" But when we're together, everything is okay. No fighting or anything. I love this man, but I just don't know what to do anymore.","Relationship Issues, Anxiety",70,90,80.66666666666667
"My fiancé and I have been together for 3 years and our relationship has always been good. The only issue we had was that he felt like he wasn't getting enough sexual attention from me.    I recently found out he cheated on me with another women. He says he wants his family back but I'm confused on what to do. Is it possible for us to get past the cheating, or should I just move on?","Relationship Issues, Infidelity",60,90,79.5
"My friend is abusing her prescription medicine. Even though she told me she didn't have any more pills, I found she has prescriptions for anxiety medications.","Drug Use, Anxiety",40,72,66.83333333333333
My girlfriend just quit drinking and she became really depressed. She told me that she wants to move. What can I do to help her? I want her to stay.,"Depression, Alcoholism",30,85,60.800000000000004
My grandma had a stroke and passed away recently. I lost my home and job. I'm looking but haven't found a job. I've been binge watching television and binge eating.,"Grief, Depression",70,90,82.66666666666667
"My husband and I are separated and he doesn't even want to talk to me.    He says he doesn't love me anymore, but I would do anything to get him back. Is there any hope?","Relationship Issues, Depression",70,85,74.41666666666667
"My husband and I had our first threesome recently. Everyone was drinking and he was on her more then me.    He and I talked about it afterwards and it made me feel better, and now I'm craving more of it. But before it gets close to happening I get this empty feeling. Why am I feeling this way?","Relationships, Sexual Behavior",50,85,72.60000000000001
"My husband and I have been married for seven years, and in that time, we have only had sex four or five times. Others have told me that most men would have left me by now. Honestly, I think I have a low sex drive or neither one of us actually knows what we are doing. I want to be better connected with my husband.","Relationship Issues, Low Sex Drive",20,85,69.95833333333333
"My husband doesn’t trust me for some past we had. I know all marriages have their ups and downs, but sometimes, I feel I am getting tired of the same thing over and over: that I am messing around, which I am not.","Trust Issues, Paranoia",70,90,78.5
"My husband has had issues with alcohol addiction in the past (he'd never admit to this). A while back (3 years ago), I asked him to stop drinking so much, and he agreed. I caught him one night drinking behind my back. I confronted him and he lied, but I told him I knew he was lying because I counted the beers in the fridge and four of them were missing. He admitted and apologized and promised he wouldn't do it again. Lately, my husband has been drinking on and off, but I noticed it was every single night. I didn't like this. For our New Year’s resolution, we decided we were going to limit our alcohol consumption. He was on board—no more drinking every night.
 The other night, I counted the beers in the fridge just to see if some were missing. It took a couple of days, but tonight, I discovered a few were missing along with a shot of vodka. He was passed out on the couch when I decided to wake him up and confront him (poor timing, but I couldn't wait). I asked him if he'd come to bed with me (when he drinks, he snores and I cannot sleep—it's a dead giveaway he's been drinking). He slurred a bit and said no. I asked if he had been drinking, but he snapped and said no. I went into our room to sleep, leaving him on the couch.  I'm not sure if I'm overreacting or not. I just feel like I'm so honest with him about everything, and I expect the same honesty. He is a good husband in every other regard.","Alcohol Addiction, Trust Issues",65,85,71.22222222222221
"My husband’s ex-wife married a man who was charged with seven felony counts of pandering involving a minor. He, by his own admission, is addicted to child pornography. My step-daughters are now all teenagers. They do not know. My husband’s ex-wife has kept this information from my step-daughters. The step-father has had issues regarding his pornography addiction recently. The ex-wife minimizes it by saying that he has ""repented."" It is a constant strain on my husband, knowing that his girls are living with a man who is addicted to child pornography. My own therapist believes the girls should be told. The ex-wife says her therapist says the opposite.","Family Issues, Addiction",35,85,69.44444444444444
"My mother has Alzheimer's and she has become so nasty and mean to everyone and she always asks for unrealistic, silly or meaningless items. I get so frustrated and angry, but then I feel guilty because I know it probably isn’t her fault. How can I cope with feeling like this?","Elderly Care, Caregiver Stress, Guilt",30,90,77.26666666666667
"My mother takes care of niece whom my sister abandoned. She calls me every day complaining, but I don't want to hear it anymore.","Family Issues, Caregiver Stress",60,87,73.96666666666667
My motivation has gone away. It's hard to get out of bed. I really don't know what to do anymore. I'm miserable. My anxiety and depression have taken over my life.,"Depression, Anxiety",70,90,82.55555555555556
"My parents seem okay with other sexualities, but normally they only talk about being gay. When they do talk about bisexuality, they say things like “they'll do anything” or things that make me very uncomfortable because I am bisexual. I don't know if I am ready to come out to them.","Family, Anxiety",70,90,82.44444444444444
"My son was diagnosed with autism a few years ago and I stopped working so that I could take care of him. I also was dealing with an abusive relationship (mentally, physically, and emotionally). Now I live like a recluse and I always feel nervous around people.
   How can I feel more comfortable around other people?","Anxiety, Autism",37,90,74.16666666666667
"My spouse visited the red light district a couple of years back in Amsterdam. After he got back from the trip he got me tested for stds. In the aftermath he has provided multiple versions of what happened, from having a total blackout to being touched by a prostitute. How do I know if he had sex?","Infidelity, Trust Issues",5,75,62.05555555555555
"My therapist is gay so there are no sexual issues here. However, my therapist for six years has made me believe that he cares about me and that we are friends. I have loaned money to him many times, and he always paid me back.
   I had a medical emergency last weekend and I was heavily medicated. I knew that this therapist came into my home and wrote down my credit card information so he could pay back what he owed me, but this therapist dropped me off and never came again. I don't know what to do.","Trust Issues, Betrayal",70,90,78.8888888888889
"My toddler defies everything I say and doesn’t see me as authoritative, so she says no about everything. I'd like to hear some ways I can work on not needing to feel so much in control all the time.","Parenting, Control Issues",70,87,82.0
"My wife and I got separated because I asked about her contact with a male friend of hers. The next day, she kicked me out. She let me move back two days later. Yesterday, she said she wanted a divorce then quickly changed her mind. I asked if the other guy was a factor, but she says it's not my business.","Relationship Issues, Insecurity",45,75,68.8888888888889
"My wife and I have a great relationship except for our sex lives. We are pretty transparent and honest, and basically, she feels bad because she never wants to have sex. She doesn't have the desire. She's also never orgasmed. She feels like a terrible wife and fears I'll cheat on her. She doesn't know why. Last time we had sex, she cried and felt bad and didn't know why she cried. However, she also told me that the last time we had sex, she felt me in her, but it just felt ""ehh"" and wanted to stop. That makes me feel really awful. We rarely have foreplay. Everything I try tickles her, so she makes me stop. We are both frustrated but very much in love. She and I are in our early 20s. We’re married and we have a baby on the way.","Sexual Dysfunction, Low Libido",20,90,70.2
"My wife is always accusing me of cheating and telling me that I'm doing things she finds disrespectful even when I don't mean it like that. For example, she gets offended when I call someone at work ""sweetheart."" I wish I had a penny for every time she accused me of cheating on her. She doesn't, and never will say she was wrong. How do I get her to understand?","Relationship Issues, Paranoia",40,85,69.0
"Often times I find myself thinking scary thoughts and sometimes I even scare myself into thinking that something bad is going to happen to me. Once it starts, the thought continues going through my head and I can't get it out. How can I stop these thoughts?","Anxiety, Obsessive-Compulsive Disorder",70,90,79.93333333333334
On the first day of school I wore a bra that was too big so that it would look like I had bigger boobs. I did that the whole school year and my parents never found out. But now I can never hang out with my friends at my house or invite them over because it would be around my parents and my friends would see there is nothing there on my chest.    How do I fix this?,"Body Image, Low Self-Esteem",20,85,63.333333333333336
"Or how to send him somewhere that can help him, something like The Baker Act.","[Anxiety], [Depression]",25,72,50.77777777777778
"Over a year ago I had a female friend. She turned out to be kind of crazy so I decided to stop talking to her. When she would call me I wouldn't answer the phone. This made my girlfriend really suspicious. She would ask me why I wouldn't ever answer that phone number. I told my girlfriend that I don't want to be friends with that other woman, but I don't think she believes me. How can I get my girlfriend to understand?","Relationship Issues, Paranoia",65,90,77.44444444444444
"She cried because she lost all trust in me. Now I feel disgusting and like my heart just got stabbed, what do I do?","Relationship Issues, Trust Issues
Anxiety",40,85,71.91666666666667
"She has lied about every aspect of her life. She's created three fake relationships. The most recent one is concerning because she has fake photos, phone calls, and text messages, and it’s with a married man with kids. Her lying is becoming dangerous because she could ruin lives.","Deception, Personality Disorders",30,74,66.0
"She's in her early 20s, and she has a toddler.","Parenting, Stress",20,70,41.11111111111111
"Something happened this summer that I cannot forgive myself for. When I think about what happened, I feel ashamed and guilty even though my loved ones forgave me.","Regret, Guilt, Depression",70,86,76.22222222222221
"Sometime when small thing happen, like losing a comb, I get furious. I even start throwing things. Do I have a problem?","Anger, Impulse Control Disorder",70,85,75.0
Sometimes 3 times a night.,Sleep Disorder,10,75,46.0
"Sometimes I can't stop thinking about life after death. I was raised in a religion that teaches that we will live on forever either in hell or in heaven.  When I think of living forever (even if it is in heaven which should be good), I feel overwhelmed. I don't like the thought of living forever and ever and ever. Sometimes I just can't get the thought out of my mind and the thoughts lead to panic and anxiety.  Am I crazy? I don't think these thoughts are normal.","Anxiety, Existential Crisis",53,90,75.42857142857143
"Sometimes, I'm fine and can go out or meet people, but other days, my heart races and words physically cannot come out of my mouth. I've always thought it was normal and I was just nervous, but the other day, it took me almost 30 minutes of sitting in my car to find the courage to enter Target by myself.","Anxiety, Social Anxiety",30,85,72.66666666666667
"There are issues from my past that have me very heavily burdened in my heart. I've been torn for so many years and I need help so I can move on with my life.
   I experienced trauma when I was 8 years old and I did come out about it until I was 40.
   Now I know this is what's holding me back on my happiness. I've met a very loving and caring man but because I'm holding on to these things from my past I’m pushing him away.
   How can I get my life back?","Trauma, Depression",83,90,85.44444444444444
"There is just no communication at all between us. She sleeps constantly all day (not at night). She acts angry and unfocused and stays in her very messy room all the time. The only time she comes out is to eat.    She has aches and fatigue, weight gain, hair loss and skin problems. She does not look after her health.
   I don't know how to communicate with her. She is not open to any suggestions. How do I get through to her?","Depression, Major Depressive Disorder",15,85,65.5
"We weren't long distance until he joined the military. I love him and I know he loves, me but it's complicated. He said he's not going to find someone else, but I'm afraid. How do I keep our relationship going?","Relationships, Anxiety",70,89,75.5
We've been in a long distance relationship for two and a half years. I recently saw his phone and saw the people he texts the most and one of them was a female coworker. I don't know how to approach this situation. How do I ask him about it?.,"Relationship Issues, Jealousy",20,85,74.26666666666667
"We’ve been together almost three years. We argue and he ends it by telling me he doesn’t love me. It's hurtful because I am all about resolving the problem, and he dwells on the issue even if I drop what he's done and just swallow my pride and say I am sorry. How can this be resolved? We have kids, and I don't want a broken family because we can't communicate.","Relationship Issues, Low Self-Esteem",65,86,75.83333333333333
What are some difficulties that a counselor can encounter when dealing with a client?,"Counseling, Stress",10,80,54.77777777777777
What are the basic skills a good counselor needs to have?,"[ Mental Health, General Counseling ]",38,85,69.83333333333333
What do I do if I have been feeling like I could never be with anyone because no one would want me. Or I couldn't have many friends because of who I am. It's strange I want to be loved but I'd hate to be because I always lose.,"Loneliness, Low Self-Esteem",10,85,55.0
What do you do when a therapist and a parent drugs a child and makes up lies in order to stop the other parent's custody visitation?,"Child Custody Battle, Parental Alienation",30,85,69.1111111111111
What makes a healthy marriage last?,"Relationships, None",70,90,78.55555555555556
What should I do when we see each other?,"Social Anxiety, Relationship Issues",5,20,13.333333333333334
"When I'm in large crowds I get angry and I just can't deal with people. I don't really like other people (I prefer animals) they make me nervous and scared.
   I lay awake at night thinking and having conversations in my head and i almost always end up making myself feel terrible and crying, I have more conversions in my head than I do with actual people.    I don't know what's wrong with me and why I feel this way. What should I do?","Social Anxiety, Depression",30,90,74.76666666666667
"When my boyfriend gets in a snit, he gives me the silent treatment for days. When I ask what is wrong, I get nothing: no reply, no phone call. If he does reply, it is something very sarcastic and hurtful. He never admits he is wrong and never apologizes.","Relationship Issues, Passive-Aggressive",10,85,63.6
"When my daughter is stressed about a silly thing from school, she starts crying and freaking out. She is a bright student, always has a 4.0, but I am afraid she is stressing too much. I’m afraid it’s going to break her. I don't know if I should get her to a doctor or someone because this is not normal.","Anxiety, Stress",20,90,70.66666666666667
"Whenever I run into a situation that makes me upset or angry, I tend to start cursing and badly offending the person I am confronting. I say mean things to let my anger out. Whenever people tell me stuff about my relationship (like starting rumors or saying negative things about me or my relationship) I lash out not just them but at my boyfriend. I feel like I keep causing drama due to my personality. I want to be a better person and learn to let things not get to me and be happy and graceful. I hurt the ones I love with my words. I want to be better for myself and them.","Anger, Relationship Issues",70,85,75.44444444444444
"he just walks in the house whenever he wants to see his kids. My fiancé tells me it makes her angry and doesn't like it, but she seems afraid to say anything to him about it for some reason. Is it okay for him to do this?","Family Issues, Anxiety",10,70,46.53333333333333
